{"blyp": {"mean": [0.02436276503443699, 0.013900481281075744, 0.0064960146468347035, 0.0030203468728434765], "std": [0.0024088045661225664, 0.0041602107069068275, 0.003960150928275931, 0.001338161857087512]}, "b3lyp": {"mean": [0.02514402541366245, 0.014319381754276238, 0.007162886326612046, 0.002703123823740945], "std": [0.0020254181885130044, 0.0034625668161716726, 0.002995756035964373, 0.0013941584192404845]}, "blyp/50%": {"mean": [0.024051893582699553, 0.01268596703961695, 0.007672459436815257, 0.003170945411095282], "std": [0.002729887062121581, 0.004214635313369848, 0.0035583066940235194, 0.001136256400424988]}, "b2gpplyp": {"mean": [0.022697161674480944, 0.012855762883035075, 0.009753982960618414, 0.004456034561600239], "std": [0.003071394343628406, 0.003690234105361366, 0.004075123293567747, 0.001805678681274122]}, "untrained": {"mean": [0.0175, 0.0175, 0.0175, 0.0175], "std": [0.004, 0.004, 0.004, 0.004]}}