{"bp86": 2.810494899749756, "blyp": 2.4445154666900635, "pbe": 2.650566816329956, "tpss": 2.706394672393799, "scan": 3.1512014865875244, "m06-l": 2.8757083415985107, "mn15-l": 2.9098618030548096, "b3p86": 2.4977200031280518, "b3pw91": 2.44438099861145, "pbe0": 2.5427236557006836, "b3lyp": 2.4107799530029297, "tpssh": 2.694042205810547, "scan0": 2.798295736312866, "m06": 2.788140296936035, "m06-2x": 2.4897165298461914, "mn15": 3.385294198989868, "wb97x": 2.3656089305877686, "LRC-wPBEh": 2.5044426918029785, "b2gpplyp": 2.369521379470825, "pbe0-dh": 2.4067702293395996, "dsd-blyp-d3bj": 2.441171169281006, "dsd-pbeb95-d3bj": 2.2748332023620605, "dsd-pbep86-d3bj": 2.5675151348114014, "blyp_hfx_10": 2.6906826496124268, "blyp_hfx_20": 2.4882938861846924, "blyp_hfx_30": 2.4020020961761475, "blyp_hfx_40": 2.4131946563720703, "blyp_hfx_50": 2.458139419555664, "pbe_hfx_10": 2.8019702434539795, "pbe_hfx_20": 2.6233291625976562, "pbe_hfx_30": 2.496676206588745, "pbe_hfx_40": 2.530143976211548, "pbe_hfx_50": 2.735011339187622, "scan_hfx_10": 2.992420196533203, "scan_hfx_20": 2.9381825923919678, "scan_hfx_30": 2.763857364654541, "scan_hfx_40": 2.851630449295044, "scan_hfx_50": 2.972701072692871, "m06-l_hfx_10": 2.7729692459106445, "m06-l_hfx_20": 2.486842393875122, "m06-l_hfx_30": 2.428595781326294, "m06-l_hfx_40": 2.4551613330841064, "m06-l_hfx_50": 2.526063919067383, "mn15-l_hfx_10": 2.5251309871673584, "mn15-l_hfx_20": 2.390260696411133, "mn15-l_hfx_30": 2.484126329421997, "mn15-l_hfx_40": 2.5044853687286377, "mn15-l_hfx_50": 2.505526304244995}