{"bp86": 4.386016845703125, "blyp": 4.430324077606201, "pbe": 5.015885829925537, "tpss": 4.700486660003662, "scan": 4.826787948608398, "m06-l": 4.531326770782471, "mn15-l": 5.5266218185424805, "b3p86": 4.703979969024658, "b3pw91": 4.0332932472229, "pbe0": 4.312952518463135, "b3lyp": 4.690629959106445, "tpssh": 5.312873363494873, "scan0": 5.599310398101807, "m06": 6.445436000823975, "m06-2x": 3.054469585418701, "mn15": 5.464979648590088, "wb97x": 3.4312527179718018, "b2gpplyp": 3.9556386470794678, "pbe0-dh": 3.7728636264801025, "dsd-blyp-d3bj": 4.192017078399658, "dsd-pbeb95-d3bj": 4.16542387008667, "dsd-pbep86-d3bj": 4.541253566741943, "blyp_hfx_10": 4.648602485656738, "blyp_hfx_20": 4.052404880523682, "blyp_hfx_30": 3.3950283527374268, "blyp_hfx_40": 3.7072994709014893, "blyp_hfx_50": 4.370267868041992, "pbe_hfx_10": 3.674750566482544, "pbe_hfx_20": 4.249027729034424, "pbe_hfx_30": 3.8782126903533936, "pbe_hfx_40": 4.5023603439331055, "pbe_hfx_50": 3.0799567699432373, "scan_hfx_10": 5.0253448486328125, "scan_hfx_20": 5.365365505218506, "scan_hfx_30": 6.061050891876221, "scan_hfx_40": 4.6958909034729, "scan_hfx_50": 4.556927680969238, "m06-l_hfx_10": 4.254129886627197, "m06-l_hfx_20": 3.256648302078247, "m06-l_hfx_30": 5.734536170959473, "m06-l_hfx_40": 4.601650238037109, "m06-l_hfx_50": 6.102778434753418, "mn15-l_hfx_10": 5.162738800048828, "mn15-l_hfx_20": 4.452383518218994, "mn15-l_hfx_30": 5.696861267089844, "mn15-l_hfx_40": 5.015117168426514, "mn15-l_hfx_50": 6.570854663848877}