{"DFA": ["mn15-l_hfx_50", "blyp_hfx_50", "scan_hfx_40", "m06-l_hfx_40", "pbe0-dh", "m06-l_hfx_30", "mn15-l_hfx_40", "pbe_hfx_30", "dsd-blyp-d3bj", "m06", "pbe_hfx_40", "m06-2x", "m06-l_hfx_50", "mn15-l_hfx_30", "dsd-pbep86-d3bj", "b2gpplyp", "mn15-l_hfx_10", "scan_hfx_50", "pbe_hfx_50", "mn15-l_hfx_20", "LRC-wPBEh", "blyp_hfx_40", "mn15-l", "scan_hfx_20", "scan_hfx_10", "scan0", "scan", "dsd-pbeb95-d3bj", "m06-l_hfx_10", "scan_hfx_30", "pbe_hfx_10", "pbe", "b3pw91", "m06-l", "wb97x", "pbe_hfx_20", "blyp_hfx_30", "b3p86", "blyp_hfx_20", "b3lyp", "tpssh", "blyp_hfx_10", "blyp", "bp86", "tpss"], "percentage": [53.19176654507556, 44.70427305888484, 41.95544554455446, 40.73736321000521, 39.278269932256386, 34.927045336112556, 34.15190203230849, 32.15216258467952, 31.59197498697238, 28.953882230328297, 23.04585721730068, 20.446847316310578, 19.07894736842105, 18.45362167795727, 17.808754559666493, 17.10526315789474, 13.796248045857217, 13.776706618030223, 13.16440854611777, 9.881448671182907, 8.546117769671703, 7.2954663887441376, 6.676654507556019, 6.546378322042731, 4.631318394997394, 4.611776967170401, 3.289473684210526, 2.0062532569046376, 2.0062532569046376, 1.354872329338197, 1.3223032829598746, 1.3027618551328817, 0.7034914017717561, 0.6839499739447629, 0.6644085461177697, 0.05211047420531527, 0.045596664929650865, 0.03908285565398645, 0.006513809275664409, 0.006513809275664409, 0.006513809275664409, 0.0, 0.0, 0.0, 0.0], "true_DFA": ["mn15-l_hfx_50", "blyp_hfx_50", "scan_hfx_40", "m06-l_hfx_40", "pbe0-dh", "m06-l_hfx_30", "mn15-l_hfx_40", "pbe_hfx_30", "dsd-blyp-d3bj", "m06", "pbe_hfx_40", "m06-2x", "m06-l_hfx_50", "mn15-l_hfx_30", "dsd-pbep86-d3bj", "b2gpplyp", "mn15-l_hfx_10", "scan_hfx_50", "pbe_hfx_50", "mn15-l_hfx_20", "LRC-wPBEh", "blyp_hfx_40", "mn15-l", "scan_hfx_20", "scan_hfx_10", "scan0", "scan", "dsd-pbeb95-d3bj", "m06-l_hfx_10", "scan_hfx_30", "pbe_hfx_10", "pbe", "b3pw91", "m06-l", "wb97x", "pbe_hfx_20", "blyp_hfx_30", "b3p86", "blyp_hfx_20", "b3lyp", "tpssh", "blyp_hfx_10", "blyp", "bp86", "tpss"], "true_percentage": [42.9911412193851, 41.03699843668577, 26.706618030224075, 35.17457008858781, 19.541427826993225, 40.385617509119335, 28.009379885356957, 23.44971339239187, 32.56904637832204, 29.31214174048984, 24.752475247524753, 25.403856175091192, 18.890046899426785, 21.49557060969255, 22.14695153725899, 16.93590411672746, 11.724856696195936, 9.770713913496612, 13.678999478895259, 11.073475768629494, 7.81657113079729, 13.027618551328818, 16.28452318916102, 3.2569046378322044, 7.165190203230849, 5.211047420531527, 3.2569046378322044, 5.211047420531527, 5.211047420531527, 5.211047420531527, 1.9541427826993225, 0.0, 5.211047420531527, 3.2569046378322044, 1.3027618551328817, 5.211047420531527, 4.559666492965086, 3.908285565398645, 0.6513809275664408, 0.6513809275664408, 0.6513809275664408, 0.0, 0.0, 0.0, 0.0]}